"Id","Name","Url","Parent","Wave","Folder","Slug","IsFolder"
"9","Members","main/members/listall","14","1","other","members","False"
"10","Member Category","masters/member_category","14","1","other","member-category","False"
"11","Basic Units","BasicUnits/listall","15","1","master","basic-units","False"
"12","Suppliers (Sundry Creditors)","suppliers/listall/sup","15","1","master","suppliers-sundry-creditors","False"
"13","Accounts Master","","0","-","other","accounts-master","True"
"15","General Masters","","0","-","other","general-masters","True"
"17","Company Info","company/com_info/listall","123","1","master","company-info","False"
"19","Sub Account","accounts/accsubtype","13","1","accounts_master","sub-account","False"
"20","Main Account","accounts/acctype","13","1","accounts_master","main-account","False"
"21","Ledger Group","accounts_master/LedgerGroup/listall","13","1","accounts_master","ledger-group","False"
"22","Ledgers","accounts_master/Ledger/listall","13","1","accounts_master","ledgers","False"
"24","Inventory Management","","0","-","other","inventory-management","True"
"25","Item Type","items//itemtype","24","1","master","item-type","False"
"26","Category","items//itemcategory","24","1","master","category","False"
"29","Transactions","","0","-","other","transactions","True"
"30","Payment Vouchers","transaction//vouchers//listall//payment","294","1","transaction","payment-vouchers","False"
"31","Journal Vouchers","transaction//vouchers//listall//journal","294","1","transaction","journal-vouchers","False"
"32","Receipt Vouchers","transaction//vouchers//listall//receipt","294","1","transaction","receipt-vouchers","False"
"33","Purchase Register","transaction/purchase/listall/purchase","293","1","transaction","purchase-register","False"
"35","Member Type","masters/member_type","14","1","other","member-type","False"
"36","Financial Reports","","0","-","other","financial-reports","True"
"37","Ledger Book","reports/accounts/leadger","36","2","accounts_master","ledger-book","False"
"41","Cash Book","reports/accounts/cashbook","36","2","accounts_master","cash-book","False"
"42","Day Book","reports/accounts/daybook","36","2","accounts_master","day-book","False"
"43","Trial Balance","reports/accounts/trial","36","2","accounts_master","trial-balance","False"
"44","Sales Order","transaction/sales/listall/estimate","292","1","transaction","sales-order","False"
"45","Reference (Agent)","masters/reference","15","1","other","reference-agent","False"
"46","Customers (Sundry Debtor)","customers/listall","15","1","master","customers-sundry-debtor","False"
"48","Sales Register","transaction/sales/listall/sales","292","1","transaction","sales-register","False"
"49","Stock Ledger","reports/stock/leadger","297","2","reports","stock-ledger","False"
"50","Settings","","0","-","other","settings","True"
"51","Menus","masters/menu","50","1","settings","menus","False"
"52","Sales Return","transaction/sales/listall/sales_return","292","1","transaction","sales-return","False"
"53","Check List","reports/accounts/checklist","36","2","accounts_master","check-list","False"
"54","Db Download","settings/setting/db_download","50","1","settings","db-download","False"
"55","Item Discount Group","items//itemgroup","24","1","master","item-discount-group","False"
"57","Discount Group  Report","reports/sales/type","297","2","reports","discount-group-report","False"
"58","Item Master","inventory_master/Item/listall","24","1","master","item-master","False"
"60","Messages","settings/sms/msg","290","1","settings","messages","False"
"63","Districts","blood/blood/districts","61","3","other","districts","False"
"87","GST","masters/gst","15","1","other","gst","False"
"88","Hsn Code","masters/hsncode","24","1","other","hsn-code","False"
"89","Aging","reports/aging/listall","115","2","reports","aging","False"
"91","Software Version","settings/SoftwareVersion/listall","50","1","settings","software-version","False"
"92","Users","settings/NewMaster/Users","291","1","master","users","False"
"95","Company Settings","settings/CompanySettings/listall","123","1","settings","company-settings","False"
"97","Menu To User","settings/MenuToUser/listall","291","1","settings","menu-to-user","False"
"105","Purchase Return","transaction/purchase/listall/purchase_return","293","1","transaction","purchase-return","False"
"106","Purchase Order","transaction/purchase/listall/order","293","1","transaction","purchase-order","False"
"108","Bill Types","master/Newmasters/bill_type","50","1","master","bill-types","False"
"109","Area","master/Newmasters/Area","15","1","master","area","False"
"111","Print Types","master/Newmasters/print_type","50","1","master","print-types","False"
"112","Excel Import","item/excel","50","1","master","excel-import","False"
"115","Inventory Reports","","0","-","other","inventory-reports","True"
"118","Item Wise Sales Register","reports/item/itemereport","297","2","master","item-wise-sales-register","False"
"120","GST Reports","","0","-","other","gst-reports","True"
"121","GSTR 1","reports/gst/gstreport","483","2","reports","gstr-1","False"
"122","GSTR 2 Report","reports/gst/gstr2report","483","2","reports","gstr-2-report","False"
"123","General Settings","","50","-","other","general-settings","True"
"124","Godown Transfer","master/itemtransfer/list_all","29","1","master","godown-transfer","False"
"125","Purchase Report","reports/purchase/purchasereport","296","2","reports","purchase-report","False"
"126","Sales Reports","reports/Sales/salesreport","295","2","reports","sales-reports","False"
"129","Set Device","settings/set_device/device","50","1","settings","set-device","False"
"131","Godown","master/godown/godown","24","1","master","godown","False"
"132","Racks","Item/racks","24","1","master","racks","False"
"133","Login Logs","settings/loginsett/listall","50","1","settings","login-logs","False"
"156","Item Wise Sales Report","reports/itemwisereport/sales","297","2","reports","item-wise-sales-report","False"
"157","Opening Stock Report","reports/itemdetails/listall","297","2","reports","opening-stock-report","False"
"159","Item Wise Margin Report","reports/marginreport/itemwise","297","2","reports","item-wise-margin-report","False"
"160","BillWise Margin Report","reports/marginreport/billwise","295","2","reports","billwise-margin-report","False"
"161","Stock Movement Report","reports/itemwisereport/quantity","297","2","reports","stock-movement-report","False"
"162","Total Sales Report","reports/totalinvoicereport/sales","295","2","reports","total-sales-report","False"
"163","Total Purchase Report","reports/totalinvoicereport/purchase","296","2","reports","total-purchase-report","False"
"165","Item Wise Purchase Report","reports/itemwisereport/purchase","297","2","reports","item-wise-purchase-report","False"
"166","Invoice Report","reports/invoice/invoicereport","295","2","reports","invoice-report","False"
"191","Damage Stock","master/Itemdamage/list_all","29","1","master","damage-stock","False"
"194","My Menu","settings/menus/user_menu","50","1","settings","my-menu","False"
"198","Material Type","master/amaster/material_type","15","1","master","material-type","False"
"199","Profit & Loss A/C","reports/accounts/profitandlossdaywise","36","2","accounts_master","profit-loss-ac","False"
"200","Purchase Return Report","reports/purchase/purchasereturn","296","2","reports","purchase-return-report","False"
"201","Sales Order Report","reports/Sales/saleorder","295","2","reports","sales-order-report","False"
"203","Sales Return Report","reports/Sales/salesreturn","295","2","reports","sales-return-report","False"
"204","Currency","master/amaster/currency_type","15","1","master","currency","False"
"205","Total Outstanding Report","reports/outstandingreport/outstandingreport","115","2","reports","total-outstanding-report","False"
"206","Outstanding Reports","reports/aging/outstand","115","2","reports","outstanding-reports","False"
"207","Coupons","master/coupons/listall","15","1","master","coupons","False"
"210","Route","master/newmasters/route","15","1","master","route","False"
"211","Sales Bill","transaction/sales/sales/sales","292","1","transaction","sales-bill","False"
"212","Purchase Bill","transaction/purchase/create/purchase","293","1","transaction","purchase-bill","False"
"213","Opening Stock Edit","itemedit/listall","24","1","master","opening-stock-edit","False"
"214","Set Database","master/Newmasters/year_database","50","1","master","set-database","False"
"216","Brands","master/amaster/brands_master","24","1","master","brands","False"
"218","Printers","master/amaster/printers","50","1","master","printers","False"
"220","Cess","masters/cess","15","1","other","cess","False"
"222","User Settings","settings/NewMaster/user_settings","291","1","master","user-settings","False"
"223","Stock Report","reports/Items/listall","297","2","master","stock-report","False"
"224","Sales Order Merge Report","reports/SalesOrderMerge/mergereport","295","2","reports","sales-order-merge-report","False"
"226","Bill Format","billformat/billformat","50","1","settings","bill-format","False"
"229","Slider","settings/sliders/listall","50","1","settings","slider","False"
"230","Cheque","transaction/chque/list_all","29","1","transaction","cheque","False"
"231","Bank","Masters/bank","13","1","other","bank","False"
"232","Customer Ledger Balance","reports/Ledger_balance/ledger_balance/cus","36","2","reports","customer-ledger-balance","False"
"233","Supplier Ledger Balance","reports/Ledger_balance/ledger_balance/sup","36","2","reports","supplier-ledger-balance","False"
"235","Detailed stock report","reports/items/list_all","297","2","master","detailed-stock-report","False"
"241","SMS","settings/message/listall","290","1","settings","sms","False"
"242","SMS Types","settings/sms/sms_types","290","1","settings","sms-types","False"
"243","SMS Settings","settings/sms/sms_settings","290","1","settings","sms-settings","False"
"244","Day Summary Report","reports/Daybook/Daybook","417","2","reports","day-summary-report","False"
"245","Commission Report","reports/Commission/Commision","115","2","reports","commission-report","False"
"246","Quick Voucher","transaction/Quick_voucher/listall","294","1","transaction","quick-voucher","False"
"247","Day Report","reports/Daybook/Day_Report","36","2","reports","day-report","False"
"251","Merge","Merge/Ledger","250","1","other","merge","False"
"252","Corrupted Ledger","reports/Ledger_mistake/ledger_mistake","36","2","reports","corrupted-ledger","False"
"256","Tags","Item_tags/list_all","254","1","other","tags","False"
"257","Item Tags","Item_tags/list_tag","254","1","other","item-tags","False"
"260","Vehicle","Vehicle_masters/vehicle","259","3","transport","vehicle","False"
"261","Insurance","Vehicle_masters/vehicle_insurance","259","3","transport","insurance","False"
"262","Insurance Company","Vehicle_masters/vehicle_insurance_company","259","3","transport","insurance-company","False"
"263","Manufactur","Vehicle_masters/vehicle_manufacture","259","3","transport","manufactur","False"
"264","Drivers","Vehicle_masters/vehicle_drivers","259","3","transport","drivers","False"
"265","Vehicle Sales","sales_vehicle/Sales_vehicle/listall","259","1","transport","vehicle-sales","False"
"266","Vehicle Report","veh_reports/Trip_reports/listall","259","3","reports","vehicle-report","False"
"277","Visa Types","Vehicle_masters/visa_type","268","3","transport","visa-types","False"
"290","SMS Master","","50","-","other","sms-master","True"
"291","User Settings","","50","-","other","user-settings","True"
"292","Sales","","29","-","other","sales","True"
"293","Purchase","","29","-","other","purchase","True"
"294","Vouchers","","29","-","other","vouchers","True"
"295","Sales Reports","","115","-","other","sales-reports","True"
"296","Purchase Reports","","115","-","other","purchase-reports","True"
"297","Item Reports","","115","-","other","item-reports","True"
"305","Salary Distribution","hr/SalaryDistribution/list_all","317","2","hr","salary-distribution","False"
"306","Salary Package","hr/SalaryPackage/list_all","317","2","hr","salary-package","False"
"309","Designation","hr/designation/list_all","317","2","hr","designation","False"
"310","Department","hr/department/list_all","317","2","hr","department","False"
"311","Role","hr/role/list_all","317","2","hr","role","False"
"312","Holidays","hr/Holidays/list_all","317","2","hr","holidays","False"
"313","Pay Settings","hr/paysettings/list_all","317","2","settings","pay-settings","False"
"314","Leave Type","hr/leavetype/list_all","317","2","hr","leave-type","False"
"315","Course","hr/course/list_all","317","2","hr","course","False"
"316","Employee","hr/Employee/list_all","317","2","hr","employee","False"
"317","HR","","1000","-","other","hr","True"
"318","Lead report","crm_general/reports/Lead_report/list_leads_report","336","2","reports","lead-report","False"
"319","Enquiry report","crm_general/reports/Enquiry_report/list_enquiry_report","336","2","reports","enquiry-report","False"
"320","Productwise Enquiry report","crm_general/reports/Productwise_report/list_product_report","336","2","reports","productwise-enquiry-report","False"
"321","Followup history report","crm_general/reports/Followup_report/list_followup_report","336","2","reports","followup-history-report","False"
"322","Enquiry completion report","crm_general/reports/Enquiry_completion_report/list_completion_report","336","2","reports","enquiry-completion-report","False"
"323","Allocated Enquiry Report","crm_general/reports/Allocated_report/list_allocated_report","336","2","reports","allocated-enquiry-report","False"
"324","Business Opportunity Report","crm_general/reports/Bussiness_opportunity_report/list_opportunity_report","336","2","reports","business-opportunity-report","False"
"325","Business plan report","crm_general/reports/Bussiness_plan_report/list_busiplan_report","336","2","reports","business-plan-report","False"
"326","Leads Master","crm_general/Leads_master/listall","335","2","master","leads-master","False"
"327","Enquiry Register","crm_general/Enquiry_register/list_all","335","2","crm","enquiry-register","False"
"328","Enquiry Master","crm_general/Enquiry_allocation/list_all","335","2","crm","enquiry-master","False"
"329","CRM","","0","-","other","crm","True"
"330","Enquiry Master","crm_new/Enquiry_allocation/list_all","332","2","crm","enquiry-master","False"
"331","Enquiry Register","crm_new/Enquiry_register/list_all","332","2","crm","enquiry-register","False"
"332","Student Crm","","1000","-","other","student-crm","True"
"333","Type of Bussiness","crm_general/Leads_master/listTypeofBuss","337","2","master","type-of-bussiness","False"
"334","Nature of Bussiness","crm_general/Enquiry_allocation/listOtherofBuss","337","2","crm","nature-of-bussiness","False"
"335","CRM Transactions","","329","-","other","crm-transactions","True"
"336","CRM Reports","","329","-","other","crm-reports","True"
"337","CRM Masters","","329","-","other","crm-masters","True"
"338","Quotation","transaction/Quotation/listall","292","1","transaction","quotation","False"
"339","Status Master","crm_general/Enquiry_followup/listStatus","337","2","crm","status-master","False"
"340","Price List","pricelist/Pricelist/listall","24","1","master","price-list","False"
"341","Modify Item Rates","Itemsedit/listall","24","1","master","modify-item-rates","False"
"342","POS","pos/Main/listall","292","2","pos","pos","False"
"343","Branch","Masters/company_branch","15","1","other","branch","False"
"344","Cost Center","cost_analytics/Cost_centre/listall","15","2","analytics","cost-center","False"
"345","Payment List","transaction//vouchers//list_all//payment","36","1","transaction","payment-list","False"
"346","Receipt List","transaction//vouchers//list_all//receipt","36","1","transaction","receipt-list","False"
"347","Sales Cash Report","reports/invoice/salescashreport","295","2","reports","sales-cash-report","False"
"348","Set Free Quantity","itemedit/list","24","1","master","set-free-quantity","False"
"349","Contra","transaction//vouchers//listall//contra","294","1","transaction","contra","False"
"350","Sales Summary Report","reports/Sales/sales_summary","295","2","reports","sales-summary-report","False"
"351","Company Keys","settings/CompanySettings/company_keys","123","1","settings","company-keys","False"
"352","Service CRM","","1000","-","other","service-crm","True"
"353","Service Call Register","crm_service/Enquiry_allocation/list_all","352","2","crm","service-call-register","False"
"354","Allocated Services","crm_service/Enquiry_register/list_all","352","2","crm","allocated-services","False"
"355","Service Bill","crm_service/Enquiry_list/listall","352","2","crm","service-bill","False"
"356","Area Wise Item Report","reports/area/Itemwise","295","2","reports","area-wise-item-report","False"
"357","Route Customer Bill Details","reports/area/Customerwise","295","2","reports","route-customer-bill-details","False"
"358","Hsn Wise Report","reports/hsn/Hsnreport","483","2","reports","hsn-wise-report","False"
"359","Item Wise Hsn Report","reports/hsn/itemreport","483","2","reports","item-wise-hsn-report","False"
"360","E-way Bill Report","reports/hsn/eway","483","2","reports","e-way-bill-report","False"
"361","Delivery Note","transaction/sales/listall/delivery_note","292","1","transaction","delivery-note","False"
"368","Balance Sheet","reports/accounts/balancesheet","36","2","accounts_master","balance-sheet","False"
"369","Ledger Group report","reports/accounts/mainLeadger","36","2","accounts_master","ledger-group-report","False"
"370","Production","","29","-","other","production","True"
"371","BoM List","production/bom/bom_controller/listall","370","3","production","bom-list","False"
"372","Status","production/status/Status_controller/listall","370","3","production","status","False"
"373","Stage","production/stage/stage_controller/listall","370","3","production","stage","False"
"374","Additional Fileds","production/label/label_controller/listall","370","3","production","additional-fileds","False"
"375","Process","production/process/process_controller/listall","370","3","production","process","False"
"376","Order Items Total","reports/items/order_items","295","2","master","order-items-total","False"
"377","Multi Unit Stock","reports/items/unit_stock","297","2","master","multi-unit-stock","False"
"379","Couser Master","education/Course/listall","332","3","education","couser-master","False"
"380","Student","education/Student/listall","332","3","education","student","False"
"381","Discount","education/Course/listDiscount","332","3","education","discount","False"
"382","Batches","education/Student/batch","332","3","education","batches","False"
"383","Fees","education/Student/feeStructure","332","3","education","fees","False"
"384","University","education/Course/university","332","3","education","university","False"
"385","Label Master","crm_new/Enquiry_followup/listLabel","332","2","crm","label-master","False"
"386","Document Master","education/Student/listDoc","332","3","education","document-master","False"
"387","Districts","masters/states","332","1","other","districts","False"
"388","Source Of Enquiry","source_of_enquiry/Source_of_enquiry/list_all","332","1","other","source-of-enquiry","False"
"389","Address report","reports/Address_report/index","36","2","reports","address-report","False"
"390","Customer Balance","reports/Invoice/customercashreport","36","2","reports","customer-balance","False"
"391","Itemwise Order","reports/itemwisereport/salesorder","297","2","reports","itemwise-order","False"
"392","Item Wise Order Register","reports/item/itemereport/estimate","297","2","master","item-wise-order-register","False"
"393","Export Report","","50","-","other","export-report","True"
"397","Jou Voucher Report","reports/New_Voucher_Report/listall","39300","2","reports","jou-voucher-report","False"
"400","Stock Level Report","reports/Item/stocklevel","115","2","master","stock-level-report","False"
"401","Closing Stock Report","reports/items/fifo_lifo","1000","2","master","closing-stock-report","False"
"402","Customer Sales Report","reports/invoice/customereisereport","36","2","reports","customer-sales-report","False"
"403","GST EXPORT","reports/GST1Report/list","36","2","reports","gst-export","False"
"404","Stock Movment Report","reports/Stock_movement_report/list","297","2","reports","stock-movment-report","False"
"407","Pay Voucher Report","reports/New_voucher_payment/listall","401","2","reports","pay-voucher-report","False"
"408","Rec Voucher Report","reports/New_voucher_receipt/listall","401","2","reports","rec-voucher-report","False"
"409","Sale Voucher Report","reports/New_Sales_report/listall","401","2","reports","sale-voucher-report","False"
"410","Pur Voucher Report","reports/New_Purchase_report/listall","401","2","reports","pur-voucher-report","False"
"411","Contra Voucher Report","reports/New_voucher_contra/listall","401","2","reports","contra-voucher-report","False"
"414","Gst purchase tax wise","reports/hsn/Billwise_purchase","120","2","reports","gst-purchase-tax-wise","False"
"415","Gst sales tax wise","reports/hsn/Billwise","120","2","reports","gst-sales-tax-wise","False"
"417","MIS Reports","","115","-","other","mis-reports","True"
"419","Route Summary Report","reports/sales/customersales","417","2","reports","route-summary-report","False"
"420","Stock Journal","Stock_journal/listall","24","1","master","stock-journal","False"
"422","Monthly Report","reports/MIS/Monthly_summary","417","2","reports","monthly-report","False"
"423","Daybook Custome","reports/Daybook/daybook_custome","36","2","reports","daybook-custome","False"
"424","GST Sales Day Summary","reports/hsn/Daywise","483","2","reports","gst-sales-day-summary","False"
"425","Import","crm_general/Excel_import/excel","335","2","crm","import","False"
"428","Stock Journal Report","reports/ItemTransaction/stock_journal","297","2","transaction","stock-journal-report","False"
"429","Godown Transfer Report","reports/ItemTransaction/godown_transfer","297","2","transaction","godown-transfer-report","False"
"430","UserWise Collection","reports/MIS/route_summary","417","2","reports","userwise-collection","False"
"432","Vehicle","master/Newmasters/ims_vehicle","15","1","master","vehicle","False"
"434","AVG Item Margin","reports/marginreport/custom_report","297","2","reports","avg-item-margin","False"
"436","SalesMan performance","reports/MIS/agent_summary","417","2","reports","salesman-performance","False"
"437","Stock Movement","reports/ItemTransaction/item_movement","297","2","transaction","stock-movement","False"
"438","HsnWise Quantity Report","reports/hsn/Hsnreport_new","483","2","reports","hsnwise-quantity-report","False"
"439","Physical Stock Update","Physical_stock/list","24","1","master","physical-stock-update","False"
"440","Physical Stock Report","reports/ItemTransaction/physical_stk_update","115","2","transaction","physical-stock-report","False"
"441","Job Card In","Jobcard/list_all/in","370","3","production","job-card-in","False"
"442","Job Card Out","Jobcard/list_all/out","370","3","production","job-card-out","False"
"443","Material In","Material/list_all/in","370","3","production","material-in","False"
"444","Material Out","Material/list_all/out","370","3","production","material-out","False"
"445","Sales HSN REPORT","reports/hsn/saleshsn","483","2","reports","sales-hsn-report","False"
"446","UQC","master/Newmasters/uqc","15","1","master","uqc","False"
"447","Landing Cost Margin Report","reports/Marginreport/landing_cost","295","2","reports","landing-cost-margin-report","False"
"448","Sales Exchange Report\n","reports/Salesreturn/Adjustment","295","2","reports","sales-exchange-reportn","False"
"449","Point Settings","Masters/points","15","1","other","point-settings","False"
"450","Item Wise SR Register","reports/item/itemereport/sales_return","297","2","master","item-wise-sr-register","False"
"451","Item Wise SR Report","reports/itemwisereport/sales/sales_return","297","2","reports","item-wise-sr-report","False"
"452","Purchase Hsn Report","reports/hsn/purchasehsn","483","2","reports","purchase-hsn-report","False"
"453","Customer Point Report","reports/Address_report/Reedeem","295","2","reports","customer-point-report","False"
"454","Replacement voucher","Replace_items/list","294","1","master","replacement-voucher","False"
"455","Districts","master/Newmasters/district","15","1","master","districts","False"
"456","Customer Type","master/Newmasters/customer_type","15","1","master","customer-type","False"
"457","Sales Forecast Report","reports/invoice/sales_forecast","295","2","reports","sales-forecast-report","False"
"458","MELTING","gold/Melting/list_all","461","3","gold","melting","False"
"459","Production","gold/Production/list_all","29","3","gold","production","False"
"460","Design","gold/Design/list_all","461","3","gold","design","False"
"461","Gold","","1000","-","other","gold","True"
"462","Sales And Jobcard","gold/SalesJob/list_all","461","3","gold","sales-and-jobcard","False"
"463","Godown Stock Register","reports/Stock/day_stock","115","2","reports","godown-stock-register","False"
"464","Agewise Debtors Report","reports/Ledger_balance/period_ledger_balance","36","2","reports","agewise-debtors-report","False"
"465","P Order Pending","reports/Purchase_order_pending/list","295","2","reports","p-order-pending","False"
"466","Sales Order Pending","reports/Sales_order_pending/list","296","2","reports","sales-order-pending","False"
"467","GST SUMMARY","reports/GstSummary/gstsummary","36","2","reports","gst-summary","False"
"470","Cheque Collection Report","reports/Cheque/Cheque_data","36","2","reports","cheque-collection-report","False"
"471","Salary Report","hr/SalaryReport/salary_report","317","2","hr","salary-report","False"
"472","Employee Report","hr/EmployeeReport/list_all","317","2","hr","employee-report","False"
"474","Attendance","hr/Attendance/list_all","317","2","hr","attendance","False"
"475","Employee Leave","hr/EmployeeLeave/list_all","317","2","hr","employee-leave","False"
"476","Leave Type","master/Newmasters/hr_leavetype","317","1","master","leave-type","False"
"477","B2b Sales Report","reports/Gst/b2breport","484","2","reports","b2b-sales-report","False"
"478","B2c Sales Report","reports/Gst/b2creport","484","2","reports","b2c-sales-report","False"
"479","Debit Note","transaction/Credit_Debit_Vouchers/list_all/debit_note","294","1","transaction","debit-note","False"
"480","Credit Note","transaction/Credit_Debit_Vouchers/list_all","294","1","transaction","credit-note","False"
"481","Hsn sales","reports/hsn/saleshsn_consolidate","484","2","reports","hsn-sales","False"
"482","Item List Report","reports/item/list_item","297","2","master","item-list-report","False"
"483","General Reports","","115","-","other","general-reports","True"
"484","GSTR1 Reports","","120","-","other","gstr1-reports","True"
"485","GSTR2 Reports","","120","-","other","gstr2-reports","True"
"486","GSTR2 Export","reports/GST1Report/list_purchase","485","2","reports","gstr2-export","False"
"488","DashBoards","","0","-","other","dashboards","True"
"491","Admin Dashboard","dashboard/summary","488","1","dashboard","admin-dashboard","False"
"492","GSTR1 Export","reports/GST1Report/list_sales","484","2","reports","gstr1-export","False"
"493","Item Group sales Report","reports/Brandreport/brand_category","295","2","reports","item-group-sales-report","False"
"494","Brand Sales Analysis","reports/Brandreport/brand_sales","295","2","reports","brand-sales-analysis","False"
"495","Change Item Tax","inventory_master/Item/change_item_tax","24","1","master","change-item-tax","False"
"496","Cancelled","reports/Sales/salesreport/cancelled","295","2","reports","cancelled","False"
"497","Item Wise PR Report","reports/itemwisereport/purchase/purchase_return","297","2","reports","item-wise-pr-report","False"
"498","Item Wise PR Register","reports/item/pitemereport/purchase_return","297","2","master","item-wise-pr-register","False"
"499","Item Wise Purchase Register","reports/item/pitemereport","297","2","master","item-wise-purchase-register","False"
